"81f65182-7017-4036-8294-233e1d52f511","81f65182-7017-4036-8294-233e1d52f511","finished"
"ade3faf6-7ee5-4830-8bf0-2cad5eb23b0d","ade3faf6-7ee5-4830-8bf0-2cad5eb23b0d","finished"
"d63864ea-5cda-4e55-bb14-3699eed4f7ae","d63864ea-5cda-4e55-bb14-3699eed4f7ae","finished"
"ec7517f4-0e5c-4fc1-ad54-47e614c5cf2f","ec7517f4-0e5c-4fc1-ad54-47e614c5cf2f","finished"
"c066f3c8-8f13-4d99-95c4-3c874d15e15b","c066f3c8-8f13-4d99-95c4-3c874d15e15b","finished"
"b33cbbf0-d4fc-4b4e-b760-57768ac151b9","b33cbbf0-d4fc-4b4e-b760-57768ac151b9","finished"
"c4c5ab15-346f-4b1e-ae0e-f9387055cdaf","c4c5ab15-346f-4b1e-ae0e-f9387055cdaf","finished"
"b2b5a6aa-33d7-4df3-bfd0-aefe637910b0","b2b5a6aa-33d7-4df3-bfd0-aefe637910b0","finished"
"d10ffbd9-e5b9-4a99-b8a4-7c01d2614b5d","d10ffbd9-e5b9-4a99-b8a4-7c01d2614b5d","finished"
"7725da5f-0beb-4e4f-b244-381820eef512","7725da5f-0beb-4e4f-b244-381820eef512","finished"
"5322c186-308e-453d-b5dc-6bac7d74eaad","5322c186-308e-453d-b5dc-6bac7d74eaad","finished"
"d3079f92-0395-4aa5-bccb-71b088431b81","d3079f92-0395-4aa5-bccb-71b088431b81","finished"
"f6d58358-c9dd-403e-a74d-7301ebb2afe9","f6d58358-c9dd-403e-a74d-7301ebb2afe9","finished"
"ead605e9-90ad-4391-94cd-61dea5f1065f","ead605e9-90ad-4391-94cd-61dea5f1065f","finished"
"5b22bc7b-e448-48fc-9c1d-531a1f559b71","5b22bc7b-e448-48fc-9c1d-531a1f559b71","finished"
"9f1ac8f0-36cf-4136-8e9a-327eab941e8c","9f1ac8f0-36cf-4136-8e9a-327eab941e8c","finished"
"40b3ff04-0985-485e-94ed-c299fc47875b","40b3ff04-0985-485e-94ed-c299fc47875b","finished"
"93b79e86-7013-4311-9bef-fd45e9b05c02","93b79e86-7013-4311-9bef-fd45e9b05c02","finished"
"8799e3a8-f0f7-4f0e-9a69-3b723a563193","8799e3a8-f0f7-4f0e-9a69-3b723a563193","finished"
"9a1107a4-4751-402d-9b8e-738ccada01bc","9a1107a4-4751-402d-9b8e-738ccada01bc","finished"
"0e8b5c0d-a1e4-480e-96e7-3be8e3b7ce94","0e8b5c0d-a1e4-480e-96e7-3be8e3b7ce94","finished"
"0fe481b9-2796-43b0-a27e-e9a3e71c777e","0fe481b9-2796-43b0-a27e-e9a3e71c777e","finished"
"c0eaf0a3-96d9-4a10-a808-92ebc15bf139","c0eaf0a3-96d9-4a10-a808-92ebc15bf139","finished"
"c996eb7d-bd71-4997-89d6-1b64c89ede83","c996eb7d-bd71-4997-89d6-1b64c89ede83","finished"
"d5f245fa-1482-4ea7-9a14-e4388a2c019f","d5f245fa-1482-4ea7-9a14-e4388a2c019f","finished"
"81adba1f-bfe1-4297-bb70-447dfcc1ab75","81adba1f-bfe1-4297-bb70-447dfcc1ab75","finished"
"4fee14ff-6966-4a21-bced-36c024e8aa4e","4fee14ff-6966-4a21-bced-36c024e8aa4e","finished"
"1b7258fb-a53d-49b3-ac5e-7924daaa5364","1b7258fb-a53d-49b3-ac5e-7924daaa5364","finished"
"8f1dc56a-f919-4b95-bc70-bff9a8266f68","8f1dc56a-f919-4b95-bc70-bff9a8266f68","finished"
"f60ce77f-f32f-46bb-a966-a86a275e5ecd","f60ce77f-f32f-46bb-a966-a86a275e5ecd","finished"
"ea1a7c24-4ba7-4ee4-98f8-5647e589bef7","ea1a7c24-4ba7-4ee4-98f8-5647e589bef7","finished"
"f43e9524-f5e0-4c9a-8fe1-d98a940c8907","f43e9524-f5e0-4c9a-8fe1-d98a940c8907","finished"
"19dd9f58-09b1-489a-b633-480e397e5152","19dd9f58-09b1-489a-b633-480e397e5152","finished"
"9333a94a-6f1f-4242-a935-00b89e7a9897","9333a94a-6f1f-4242-a935-00b89e7a9897","finished"
"1bd7d6f7-96d9-4b6c-95f2-c8db56885d05","1bd7d6f7-96d9-4b6c-95f2-c8db56885d05","finished"
"7896b02d-c559-4cd9-a702-ce24fdae1b77","7896b02d-c559-4cd9-a702-ce24fdae1b77","finished"
"871e3530-85c4-48e9-b9f6-fca37b67b2b0","871e3530-85c4-48e9-b9f6-fca37b67b2b0","finished"
"dd327c0e-2079-475a-899c-789319df29cf","dd327c0e-2079-475a-899c-789319df29cf","finished"
"f419990c-ef22-40c8-a9b4-3fc1a1c146bd","f419990c-ef22-40c8-a9b4-3fc1a1c146bd","finished"
"2bddebd1-6255-4a24-9226-0c4951394178","2bddebd1-6255-4a24-9226-0c4951394178","finished"
"0d08aa52-5b21-471b-8885-d23a0e0e5d02","0d08aa52-5b21-471b-8885-d23a0e0e5d02","finished"
"c12b56d2-a2df-4946-a557-3e39eac6cdad","c12b56d2-a2df-4946-a557-3e39eac6cdad","finished"
"645d3e9b-4c97-4284-8c27-64009b63da38","645d3e9b-4c97-4284-8c27-64009b63da38","finished"
"ff58bde3-ff9a-45a6-a8d9-85976dc7441a","ff58bde3-ff9a-45a6-a8d9-85976dc7441a","finished"
"606d3002-fcfc-4881-a102-31d3951372e7","606d3002-fcfc-4881-a102-31d3951372e7","finished"
"99fb1aa5-e456-462e-b62e-05984fec432a","99fb1aa5-e456-462e-b62e-05984fec432a","finished"
"6e36a552-97ab-4d12-8847-e913da56a568","6e36a552-97ab-4d12-8847-e913da56a568","finished"
"fbce354e-c5ed-47d8-aa69-3df8051dc4bc","fbce354e-c5ed-47d8-aa69-3df8051dc4bc","finished"
"064c4759-021c-4324-af87-100e8b04dafe","064c4759-021c-4324-af87-100e8b04dafe","finished"
"bd8f5e06-44c4-4ac4-8f3a-20d64cd7ee7d","bd8f5e06-44c4-4ac4-8f3a-20d64cd7ee7d","finished"
"91a73d23-6e2c-4341-ac33-f2a6434ca815","91a73d23-6e2c-4341-ac33-f2a6434ca815","finished"
"dd2d6276-4c7e-4338-ad1e-326c0e9c8905","dd2d6276-4c7e-4338-ad1e-326c0e9c8905","finished"
"bab39ce4-15ca-4b41-a580-0beb13cf2b9a","bab39ce4-15ca-4b41-a580-0beb13cf2b9a","finished"
"141258cc-8139-4d52-947f-9011775e9bd0","141258cc-8139-4d52-947f-9011775e9bd0","finished"
"5cc85977-c555-4bb8-ab26-5e271077497d","5cc85977-c555-4bb8-ab26-5e271077497d","finished"
"f8a17849-ddc3-4610-b66e-88a2acf36528","f8a17849-ddc3-4610-b66e-88a2acf36528","finished"
"a4d3cdf4-c6b1-4561-9002-25d50653442c","a4d3cdf4-c6b1-4561-9002-25d50653442c","finished"
"7f487400-a6b6-42c0-b3c2-bf8df14cfac5","7f487400-a6b6-42c0-b3c2-bf8df14cfac5","finished"
"f6b867b3-97fc-42b1-a68b-0328e3669ae8","f6b867b3-97fc-42b1-a68b-0328e3669ae8","finished"
"86bc04e8-8f2f-4ec9-b98b-3e866bc97e27","86bc04e8-8f2f-4ec9-b98b-3e866bc97e27","finished"
"c4035b2e-bedb-4684-8daf-685589891670","c4035b2e-bedb-4684-8daf-685589891670","finished"
"34aa4263-0ac0-4d72-b1ff-25c48325a216","34aa4263-0ac0-4d72-b1ff-25c48325a216","finished"
"46582c8e-20b4-4141-8628-10c50e3bfa81","46582c8e-20b4-4141-8628-10c50e3bfa81","finished"
"10d898ed-0a91-42ef-a091-d6278877faf5","10d898ed-0a91-42ef-a091-d6278877faf5","finished"
"c6426ab5-277e-4b66-aea7-0e6d7e006054","c6426ab5-277e-4b66-aea7-0e6d7e006054","finished"
"a0b0f6e7-c6d9-4967-8394-b5164f163096","a0b0f6e7-c6d9-4967-8394-b5164f163096","finished"
"50ee4f19-64bd-4a3f-a6dd-49b629ab3160","50ee4f19-64bd-4a3f-a6dd-49b629ab3160","finished"
"2dfae04a-5efe-4ece-9664-c44a5e969365","2dfae04a-5efe-4ece-9664-c44a5e969365","finished"
"65c4d1ff-6a11-476a-9763-91a831c3df07","65c4d1ff-6a11-476a-9763-91a831c3df07","finished"
"cbb52bea-b7e0-4f5c-86d1-90ebcf402d19","cbb52bea-b7e0-4f5c-86d1-90ebcf402d19","finished"
"66a7a60b-cad6-4f67-81c7-2ced69538a1a","66a7a60b-cad6-4f67-81c7-2ced69538a1a","finished"
"e7ff6a0f-cf55-45cd-98b9-3bbc1431c714","e7ff6a0f-cf55-45cd-98b9-3bbc1431c714","finished"
"1e7982df-d465-469e-b5eb-cd1ca41954e1","1e7982df-d465-469e-b5eb-cd1ca41954e1","finished"
"7467a59c-b42c-4d41-831c-87835d797857","7467a59c-b42c-4d41-831c-87835d797857","finished"
"dbd40563-83fa-4010-9756-81c2de49cf74","dbd40563-83fa-4010-9756-81c2de49cf74","failed"
"84263f4c-dcdc-42fa-9ad8-2bf66bcb9388","84263f4c-dcdc-42fa-9ad8-2bf66bcb9388","finished"
"57aea8cb-a2fb-4c4d-81d1-c187a2e31899","57aea8cb-a2fb-4c4d-81d1-c187a2e31899","finished"
"c337db9f-0d82-4bd7-bd94-505f1b765cae","c337db9f-0d82-4bd7-bd94-505f1b765cae","finished"
"c93a9d81-23f8-400e-9c65-b8a27906b3aa","c93a9d81-23f8-400e-9c65-b8a27906b3aa","finished"
"11b05d40-eff2-4200-8640-659486e40bf0","11b05d40-eff2-4200-8640-659486e40bf0","finished"
"7f8cc10d-52ba-413d-a429-06f2921d0300","7f8cc10d-52ba-413d-a429-06f2921d0300","finished"
"74e5d37e-3394-443d-8344-720ee5c16e59","74e5d37e-3394-443d-8344-720ee5c16e59","finished"
"a3601fc2-329d-4858-8986-f20a55a72911","a3601fc2-329d-4858-8986-f20a55a72911","finished"
"fe4a024d-c71a-4b00-af70-18bfbdd2f380","fe4a024d-c71a-4b00-af70-18bfbdd2f380","finished"
"ffe979d6-7909-4e34-9a36-39a7c1d94258","ffe979d6-7909-4e34-9a36-39a7c1d94258","finished"
"7cf43a04-3691-4aa6-adbe-0ff7fb299d40","7cf43a04-3691-4aa6-adbe-0ff7fb299d40","finished"
"8e83b457-1d19-4e19-bbda-f9d1d8ce226c","8e83b457-1d19-4e19-bbda-f9d1d8ce226c","finished"
"456d1ee1-ed71-4d82-a809-920f9bb8c429","456d1ee1-ed71-4d82-a809-920f9bb8c429","finished"
"9c8db5f7-f92d-4c33-8791-e75f365eca57","9c8db5f7-f92d-4c33-8791-e75f365eca57","finished"
"c485ae9a-e6b5-430a-8a3f-57c0332fe52e","c485ae9a-e6b5-430a-8a3f-57c0332fe52e","finished"
"dda027b1-b481-4922-b0cc-a67562b43460","dda027b1-b481-4922-b0cc-a67562b43460","finished"
"b486922d-407f-4583-b4e0-369a03ebd7ef","b486922d-407f-4583-b4e0-369a03ebd7ef","finished"
"392fca51-0c93-4536-b6f6-e9c1c2a14c15","392fca51-0c93-4536-b6f6-e9c1c2a14c15","finished"
"bc729b24-53c1-4240-abd4-9a6d41812a34","bc729b24-53c1-4240-abd4-9a6d41812a34","failed"
"00f7c308-0290-479e-9e4a-9d97099e0fa3","00f7c308-0290-479e-9e4a-9d97099e0fa3","finished"
"8af8d03a-e3d3-44f7-a4d1-fff343dba778","8af8d03a-e3d3-44f7-a4d1-fff343dba778","finished"
"022d2d00-ac03-48d2-a1f2-97b2657add71","022d2d00-ac03-48d2-a1f2-97b2657add71","finished"
"9f902adb-f858-4269-8fc4-cf8a8bf34f68","9f902adb-f858-4269-8fc4-cf8a8bf34f68","finished"
"e7d03891-3ab9-4b94-b620-178e9448a6f6","e7d03891-3ab9-4b94-b620-178e9448a6f6","finished"
"3c810b00-c23e-4dc7-a21f-9a914ac43169","3c810b00-c23e-4dc7-a21f-9a914ac43169","finished"
